{
  "providers": {
    "awscloudformation": {
      "AuthRoleName": "amplify-reesesrepo-giftswap-112833-authRole",
      "UnauthRoleArn": "arn:aws:iam::420971069960:role/amplify-reesesrepo-giftswap-112833-unauthRole",
      "AuthRoleArn": "arn:aws:iam::420971069960:role/amplify-reesesrepo-giftswap-112833-authRole",
      "Region": "us-west-2",
      "DeploymentBucketName": "amplify-reesesrepo-giftswap-112833-deployment",
      "UnauthRoleName": "amplify-reesesrepo-giftswap-112833-unauthRole",
      "StackName": "amplify-reesesrepo-giftswap-112833",
      "StackId": "arn:aws:cloudformation:us-west-2:420971069960:stack/amplify-reesesrepo-giftswap-112833/3e2bd450-3342-11eb-98ad-0abd6ce809e7",
      "AmplifyAppId": "d112jn0csgd2f0"
    }
  },
  "api": {
    "reesesrepo": {
      "service": "AppSync",
      "providerPlugin": "awscloudformation",
      "output": {
        "authConfig": {
          "defaultAuthentication": {
            "authenticationType": "API_KEY",
            "apiKeyConfig": {
              "apiKeyExpirationDays": 365,
              "description": "giftSwapper"
            }
          },
          "additionalAuthenticationProviders": []
        },
        "GraphQLAPIIdOutput": "6sge3p6aijfsng2xmz653klsnu",
        "GraphQLAPIEndpointOutput": "https://4pucsx6e75f7djiom2x4yhfy4u.appsync-api.us-west-2.amazonaws.com/graphql",
        "GraphQLAPIKeyOutput": "da2-blpn27zqgndchiscvlq4fzwn5m"
      },
      "providerMetadata": {
        "s3TemplateURL": "https://s3.amazonaws.com/amplify-reesesrepo-giftswap-112833-deployment/amplify-cfn-templates/api/cloudformation-template.json",
        "logicalId": "apireesesrepo"
      },
      "lastPushTimeStamp": "2020-11-30T19:33:34.173Z",
      "lastPushDirHash": "4xGHfHcJQEbzfCqQ2gUpBBDBBIM="
    }
  },
  "auth": {
    "reesesrepo3c12c17a": {
      "service": "Cognito",
      "providerPlugin": "awscloudformation",
      "dependsOn": [],
      "customAuth": false,
      "providerMetadata": {
        "s3TemplateURL": "https://s3.amazonaws.com/amplify-reesesrepo-giftswap-112833-deployment/amplify-cfn-templates/auth/reesesrepo3c12c17a-cloudformation-template.yml",
        "logicalId": "authreesesrepo3c12c17a"
      },
      "lastPushTimeStamp": "2020-11-30T19:33:34.173Z",
      "output": {
        "AppClientSecret": "19ehfk1htq5h7o91bbih247q99al8a8jb6n9nnsrmujbajic54hh",
        "UserPoolId": "us-west-2_8zJELL92T",
        "AppClientIDWeb": "7498mrsipk2vgru4nqiicju439",
        "AppClientID": "49tedco6alccqspqfs4ivv035a",
        "IdentityPoolId": "us-west-2:2f0d0f60-81d0-47c8-b520-ef4420ef1a67",
        "IdentityPoolName": "reesesrepo3c12c17a_identitypool_3c12c17a__giftswap",
        "UserPoolName": "reesesrepo3c12c17a_userpool_3c12c17a"
      },
      "lastPushDirHash": "hNanDlylzIX/MQ2zW6fj1ps5bg4="
    }
  },
  "storage": {
    "s36d82af77": {
      "service": "S3",
      "providerPlugin": "awscloudformation",
      "providerMetadata": {
        "s3TemplateURL": "https://s3.amazonaws.com/amplify-reesesrepo-giftswap-112833-deployment/amplify-cfn-templates/storage/s3-cloudformation-template.json",
        "logicalId": "storages36d82af77"
      },
      "lastPushTimeStamp": "2020-11-30T19:33:34.173Z",
      "output": {
        "BucketName": "reesesrepo9816286c75d54865bdbe37ddf1528b18112833-giftswap",
        "Region": "us-west-2"
      },
      "lastPushDirHash": "be8QY22V9kZso0Z7/3HhLxpf16Y="
    }
  },
  "analytics": {
    "reesesrepo": {
      "service": "Pinpoint",
      "providerPlugin": "awscloudformation",
      "providerMetadata": {
        "s3TemplateURL": "https://s3.amazonaws.com/amplify-reesesrepo-giftswap-112833-deployment/amplify-cfn-templates/analytics/pinpoint-cloudformation-template.json",
        "logicalId": "analyticsreesesrepo"
      },
      "lastPushTimeStamp": "2020-11-30T19:33:34.173Z",
      "output": {
        "appName": "reesesrepo-giftswap",
        "Region": "us-west-2",
        "Id": "1c156fb611684568b7c027a22c67fb3c"
      },
      "lastPushDirHash": "n4g/cH1ZsLRuRNvE8I83Mpxru5c="
    }
  }
}