{
  "api": {
    "reesesrepo": {
      "service": "AppSync",
      "providerPlugin": "awscloudformation",
      "output": {
        "authConfig": {
          "defaultAuthentication": {
            "authenticationType": "API_KEY",
            "apiKeyConfig": {
              "apiKeyExpirationDays": 365,
              "description": "giftSwapper"
            }
          },
          "additionalAuthenticationProviders": []
        }
      }
    }
  },
  "auth": {
    "reesesrepo3c12c17a": {
      "service": "Cognito",
      "providerPlugin": "awscloudformation",
      "dependsOn": [],
      "customAuth": false
    }
  },
  "storage": {
    "s36d82af77": {
      "service": "S3",
      "providerPlugin": "awscloudformation"
    }
  },
  "analytics": {
    "reesesrepo": {
      "service": "Pinpoint",
      "providerPlugin": "awscloudformation"
    }
  }
}